ImageId,PredictionString
akipro_0000000821,safe
akipro_0000001439,safe
akipro_0000001828,safe
akipro_0000000428,safe
akipro_0000001284,safe
akipro_0000001996,safe
akipro_0000001264,safe
akipro_0000000745,safe
akipro_0000000415,safe
akipro_0000001592,safe
akipro_0000001372,safe
akipro_0000000827,safe
akipro_0000000823,safe
akipro_0000000748,safe
akipro_0000000288,safe
akipro_0000001457,safe
akipro_0000001346,safe
akipro_0000000337,safe
akipro_0000001045,safe
akipro_0000001750,safe
akipro_0000000618,safe
akipro_0000001700,safe
akipro_0000000268,safe
akipro_0000001709,safe
akipro_0000002080,safe
akipro_0000001482,safe
akipro_0000000865,safe
akipro_0000000697,safe
akipro_0000000278,safe
akipro_0000000884,safe
akipro_0000000595,safe
akipro_0000000027,safe
akipro_0000000696,safe
akipro_0000000649,safe
akipro_0000001438,safe
akipro_0000001272,safe
akipro_0000001169,safe
akipro_0000000213,safe
akipro_0000001675,safe
akipro_0000000296,safe
akipro_0000000259,safe
akipro_0000001399,safe
akipro_0000001298,safe
akipro_0000000735,safe
akipro_0000001080,safe
akipro_0000001118,safe
akipro_0000001162,safe
akipro_0000001723,safe
akipro_0000000194,safe
akipro_0000001222,safe
akipro_0000001254,safe
akipro_0000001465,safe
akipro_0000000263,safe
akipro_0000000838,safe
akipro_0000000839,safe
akipro_0000000448,safe
akipro_0000000710,safe
akipro_0000001989,safe
akipro_0000002012,safe
akipro_0000000895,safe
akipro_0000000179,safe
akipro_0000001189,safe
akipro_0000000424,safe
akipro_0000000708,safe
akipro_0000001927,safe
akipro_0000002077,safe
akipro_0000000972,safe
akipro_0000000665,safe
akipro_0000001993,safe
akipro_0000000945,safe
akipro_0000001562,safe
akipro_0000000849,safe
akipro_0000001827,safe
akipro_0000000570,safe
akipro_0000001899,safe
akipro_0000001895,safe
akipro_0000000742,safe
akipro_0000000525,safe
akipro_0000001608,safe
akipro_0000001150,safe
akipro_0000000703,safe
akipro_0000000893,safe
akipro_0000001229,safe
akipro_0000001293,safe
akipro_0000000646,safe
akipro_0000001203,safe
akipro_0000001026,safe
akipro_0000001554,safe
akipro_0000001322,safe
akipro_0000001552,safe
akipro_0000001017,safe
akipro_0000001721,safe
akipro_0000001007,safe
akipro_0000000986,safe
akipro_0000000562,safe
akipro_0000001577,safe
akipro_0000000952,safe
akipro_0000001934,safe
akipro_0000001498,safe
akipro_0000000675,safe
akipro_0000001205,safe
akipro_0000000889,safe
akipro_0000002054,safe
akipro_0000001265,safe
akipro_0000001549,safe
akipro_0000001506,safe
akipro_0000001383,safe
akipro_0000001926,safe
akipro_0000000950,safe
akipro_0000001295,safe
akipro_0000001406,safe
akipro_0000000392,safe
akipro_0000000853,safe
akipro_0000000042,safe
akipro_0000000232,safe
akipro_0000002049,safe
akipro_0000002043,safe
akipro_0000000401,safe
akipro_0000000431,safe
akipro_0000001988,safe
akipro_0000000985,safe
akipro_0000001980,safe
akipro_0000000788,safe
akipro_0000001091,safe
akipro_0000001677,safe
akipro_0000000047,safe
akipro_0000001240,safe
akipro_0000000948,safe
akipro_0000001604,safe
akipro_0000000725,safe
akipro_0000001688,safe
akipro_0000000069,safe
akipro_0000000868,safe
akipro_0000001098,safe
akipro_0000000512,safe
akipro_0000000930,safe
akipro_0000001859,safe
akipro_0000000976,safe
akipro_0000000520,safe
akipro_0000001466,safe
akipro_0000001158,safe
akipro_0000001976,safe
akipro_0000000592,safe
akipro_0000000774,safe
akipro_0000000207,safe
akipro_0000000835,safe
akipro_0000000380,safe
akipro_0000001890,safe
akipro_0000001994,safe
akipro_0000001441,safe
akipro_0000001430,safe
akipro_0000001292,safe
akipro_0000000030,safe
akipro_0000000126,safe
akipro_0000001104,safe
akipro_0000001840,safe
akipro_0000002018,safe
akipro_0000000250,safe
akipro_0000001583,safe
akipro_0000001257,safe
akipro_0000000039,safe
akipro_0000002001,safe
akipro_0000000892,safe
akipro_0000001152,safe
akipro_0000000362,safe
akipro_0000001867,safe
akipro_0000001075,safe
akipro_0000001676,safe
akipro_0000000270,safe
akipro_0000002044,safe
akipro_0000000484,safe
akipro_0000000667,safe
akipro_0000000630,safe
akipro_0000000898,safe
akipro_0000001548,safe
akipro_0000000522,safe
akipro_0000001887,safe
akipro_0000001538,safe
akipro_0000000297,safe
akipro_0000002050,safe
akipro_0000001237,safe
akipro_0000001850,safe
akipro_0000000395,safe
akipro_0000000519,safe
akipro_0000001196,safe
akipro_0000001525,safe
akipro_0000001391,safe
akipro_0000001191,safe
akipro_0000000025,safe
akipro_0000000483,safe
akipro_0000001937,safe
akipro_0000000272,safe
akipro_0000001173,safe
akipro_0000000578,safe
akipro_0000000949,safe
akipro_0000000987,safe
akipro_0000001807,safe
akipro_0000001000,safe
akipro_0000001186,safe
akipro_0000001932,safe
akipro_0000001252,safe
akipro_0000000191,safe
akipro_0000000371,safe
akipro_0000000690,safe
akipro_0000000542,safe
akipro_0000001415,safe
akipro_0000000643,safe
akipro_0000000658,safe
akipro_0000000899,safe
akipro_0000000836,safe
akipro_0000001556,safe
akipro_0000001396,safe
akipro_0000001113,safe
akipro_0000000253,safe
akipro_0000001335,safe
akipro_0000001099,safe
akipro_0000000529,safe
akipro_0000000859,safe
akipro_0000000375,safe
akipro_0000000912,safe
akipro_0000000509,safe
akipro_0000000631,safe
akipro_0000001442,safe
akipro_0000002031,safe
akipro_0000000212,safe
akipro_0000000199,safe
akipro_0000001288,safe
akipro_0000001682,safe
akipro_0000001121,safe
akipro_0000001128,safe
akipro_0000000557,safe
akipro_0000001400,safe
akipro_0000002070,safe
akipro_0000001333,safe
akipro_0000001668,safe
akipro_0000000452,safe
akipro_0000001094,safe
akipro_0000000309,safe
akipro_0000001274,safe
akipro_0000000068,safe
akipro_0000001160,safe
akipro_0000001079,safe
akipro_0000001630,safe
akipro_0000001515,safe
akipro_0000001770,safe
akipro_0000002047,safe
akipro_0000001844,safe
akipro_0000001535,safe
akipro_0000000604,safe
akipro_0000001923,safe
akipro_0000001540,safe
akipro_0000001082,safe
akipro_0000001332,safe
akipro_0000000468,safe
akipro_0000001595,safe
akipro_0000001799,safe
akipro_0000000564,safe
akipro_0000000353,safe
akipro_0000000305,safe
akipro_0000001157,safe
akipro_0000001761,safe
akipro_0000000878,safe
akipro_0000000419,safe
akipro_0000001755,safe
akipro_0000001643,safe
akipro_0000001629,safe
akipro_0000000778,safe
akipro_0000001370,safe
akipro_0000001116,safe
akipro_0000000704,safe
akipro_0000001967,safe
akipro_0000002060,safe
akipro_0000001190,safe
akipro_0000001398,safe
akipro_0000001795,safe
akipro_0000000106,safe
akipro_0000001922,safe
akipro_0000002073,safe
akipro_0000000435,safe
akipro_0000000058,safe
akipro_0000000012,safe
akipro_0000000734,safe
akipro_0000001500,safe
akipro_0000001837,safe
akipro_0000001331,safe
akipro_0000000814,safe
akipro_0000001914,safe
akipro_0000001964,safe
akipro_0000000389,safe
akipro_0000000317,safe
akipro_0000000940,safe
akipro_0000001970,safe
akipro_0000001138,safe
akipro_0000001497,safe
akipro_0000001016,safe
akipro_0000001769,safe
akipro_0000002022,safe
akipro_0000001356,safe
akipro_0000000369,safe
akipro_0000001008,safe
akipro_0000000637,safe
akipro_0000000000,safe
akipro_0000001485,safe
akipro_0000000498,safe
akipro_0000001287,safe
akipro_0000000927,safe
akipro_0000000044,safe
akipro_0000000984,safe
akipro_0000000844,safe
akipro_0000000874,safe
akipro_0000000254,safe
akipro_0000000116,safe
akipro_0000000238,safe
akipro_0000000367,safe
akipro_0000001020,safe
akipro_0000000521,safe
akipro_0000001122,safe
akipro_0000001793,safe
akipro_0000001145,safe
akipro_0000001067,safe
akipro_0000001115,safe
akipro_0000000414,safe
akipro_0000000804,safe
akipro_0000000787,safe
akipro_0000000312,safe
akipro_0000001810,safe
akipro_0000000111,safe
akipro_0000001247,safe
akipro_0000001639,safe
akipro_0000000076,safe
akipro_0000000579,safe
akipro_0000001784,safe
akipro_0000002006,safe
akipro_0000001207,safe
akipro_0000002055,safe
akipro_0000000276,safe
akipro_0000001772,safe
akipro_0000001319,safe
akipro_0000001649,safe
akipro_0000001781,safe
akipro_0000001245,safe
akipro_0000000834,safe
akipro_0000001794,safe
akipro_0000000917,safe
akipro_0000001389,safe
akipro_0000000010,safe
akipro_0000000357,safe
akipro_0000001317,safe
akipro_0000001733,safe
akipro_0000000429,safe
akipro_0000001302,safe
akipro_0000001480,safe
akipro_0000001900,safe
akipro_0000000493,safe
akipro_0000001424,safe
akipro_0000002023,safe
akipro_0000000910,safe
akipro_0000000749,safe
akipro_0000000049,safe
akipro_0000001031,safe
akipro_0000002068,safe
akipro_0000001985,safe
akipro_0000001273,safe
akipro_0000000057,safe
akipro_0000001625,safe
akipro_0000001780,safe
akipro_0000000574,safe
akipro_0000001752,safe
akipro_0000002046,safe
akipro_0000000354,safe
akipro_0000001194,safe
akipro_0000000960,safe
akipro_0000000101,safe
akipro_0000000009,safe
akipro_0000001728,safe
akipro_0000001476,safe
akipro_0000000975,safe
akipro_0000001374,safe
akipro_0000000775,safe
akipro_0000000149,safe
akipro_0000000921,safe
akipro_0000001528,safe
akipro_0000001174,safe
akipro_0000000634,safe
akipro_0000002039,safe
akipro_0000000261,safe
akipro_0000000133,safe
akipro_0000002074,safe
akipro_0000002003,safe
akipro_0000000669,safe
akipro_0000000352,safe
akipro_0000001299,safe
akipro_0000000702,safe
akipro_0000001187,safe
akipro_0000000481,safe
akipro_0000000828,safe
akipro_0000001568,safe
akipro_0000001368,safe
akipro_0000001902,safe
akipro_0000001078,safe
akipro_0000001241,safe
akipro_0000002065,safe
akipro_0000001422,safe
akipro_0000001559,safe
akipro_0000001560,safe
akipro_0000001056,safe
akipro_0000000885,safe
akipro_0000000661,safe
akipro_0000000693,safe
akipro_0000001408,safe
akipro_0000000086,safe
akipro_0000000370,safe
akipro_0000001580,safe
akipro_0000001663,safe
akipro_0000000990,safe
akipro_0000000433,safe
akipro_0000000405,safe
akipro_0000000772,safe
akipro_0000000409,safe
akipro_0000000517,safe
akipro_0000000384,safe
akipro_0000000755,safe
akipro_0000001153,safe
akipro_0000000211,safe
akipro_0000001669,safe
akipro_0000000757,safe
akipro_0000001182,safe
akipro_0000001073,safe
akipro_0000001736,safe
akipro_0000000810,safe
akipro_0000000151,safe
akipro_0000001731,safe
akipro_0000000918,safe
akipro_0000001738,safe
akipro_0000000349,safe
akipro_0000001627,safe
akipro_0000001286,safe
akipro_0000000496,safe
akipro_0000001323,safe
akipro_0000001959,safe
akipro_0000000815,safe
akipro_0000000215,safe
akipro_0000000632,safe
akipro_0000000741,safe
akipro_0000001654,safe
akipro_0000001387,safe
akipro_0000000584,safe
akipro_0000000518,safe
akipro_0000001385,safe
akipro_0000001279,safe
akipro_0000000144,safe
akipro_0000000492,safe
akipro_0000000093,safe
akipro_0000001684,safe
akipro_0000000488,safe
akipro_0000001779,safe
akipro_0000002082,safe
akipro_0000000350,safe
akipro_0000000195,safe
akipro_0000000198,safe
akipro_0000002075,safe
akipro_0000000240,safe
akipro_0000001493,safe
akipro_0000001325,safe
akipro_0000001885,safe
akipro_0000000447,safe
akipro_0000001143,safe
akipro_0000001530,safe
akipro_0000001860,safe
akipro_0000000924,safe
akipro_0000001066,safe
akipro_0000001053,safe
akipro_0000002035,safe
akipro_0000000243,safe
akipro_0000001426,safe
akipro_0000000681,safe
akipro_0000000594,safe
akipro_0000001891,safe
akipro_0000001544,safe
akipro_0000001074,safe
akipro_0000000504,safe
akipro_0000000006,safe
akipro_0000001550,safe
akipro_0000001792,safe
akipro_0000001060,safe
akipro_0000001124,safe
akipro_0000001656,safe
akipro_0000001950,safe
akipro_0000000652,safe
akipro_0000001953,safe
akipro_0000000422,safe
akipro_0000001504,safe
akipro_0000001009,safe
akipro_0000001816,safe
akipro_0000001539,safe
akipro_0000000902,safe
akipro_0000000418,safe
akipro_0000000956,safe
akipro_0000000537,safe
akipro_0000000382,safe
akipro_0000001703,safe
akipro_0000000879,safe
akipro_0000001270,safe
akipro_0000001997,safe
akipro_0000001225,safe
akipro_0000001135,safe
akipro_0000001463,safe
akipro_0000000597,safe
akipro_0000001842,safe
akipro_0000001038,safe
akipro_0000001266,safe
akipro_0000000154,safe
akipro_0000000125,safe
akipro_0000000999,safe
akipro_0000001154,safe
akipro_0000000880,safe
akipro_0000000660,safe
akipro_0000001716,safe
akipro_0000001730,safe
akipro_0000001033,safe
akipro_0000001416,safe
akipro_0000000180,safe
akipro_0000000457,safe
akipro_0000000061,safe
akipro_0000000864,safe
akipro_0000001514,safe
akipro_0000000886,safe
akipro_0000000364,safe
akipro_0000000653,safe
akipro_0000002072,safe
akipro_0000001753,safe
akipro_0000001418,safe
akipro_0000000320,safe
akipro_0000001507,safe
akipro_0000000980,safe
akipro_0000001360,safe
akipro_0000000131,safe
akipro_0000001198,safe
akipro_0000001132,safe
akipro_0000000001,safe
akipro_0000001974,safe
akipro_0000001289,safe
akipro_0000001446,safe
akipro_0000002028,safe
akipro_0000002034,safe
akipro_0000001249,safe
akipro_0000001188,safe
akipro_0000000442,safe
akipro_0000001343,safe
akipro_0000001363,safe
akipro_0000001139,safe
akipro_0000000383,safe
akipro_0000002036,safe
akipro_0000001147,safe
akipro_0000001231,safe
akipro_0000000901,safe
akipro_0000001338,safe
akipro_0000000629,safe
akipro_0000000226,safe
akipro_0000000134,safe
akipro_0000001232,safe
akipro_0000001852,safe
akipro_0000001041,safe
akipro_0000001565,safe
akipro_0000001904,safe
akipro_0000001044,safe
akipro_0000000544,safe
akipro_0000000403,safe
akipro_0000000753,safe
akipro_0000001546,safe
akipro_0000000141,safe
akipro_0000001491,safe
akipro_0000002081,safe
akipro_0000000662,safe
akipro_0000001061,safe
akipro_0000000310,safe
akipro_0000000176,safe
akipro_0000000695,safe
akipro_0000000373,safe
akipro_0000000951,safe
akipro_0000000997,safe
akipro_0000000602,safe
akipro_0000001390,safe
akipro_0000002052,safe
akipro_0000000377,safe
akipro_0000000929,safe
akipro_0000000516,safe
akipro_0000000105,safe
akipro_0000001673,safe
akipro_0000001004,safe
akipro_0000000953,safe
akipro_0000000174,safe
akipro_0000000638,safe
akipro_0000002017,safe
akipro_0000000967,safe
akipro_0000000478,safe
akipro_0000001024,safe
akipro_0000000267,safe
akipro_0000001403,safe
akipro_0000001217,safe
akipro_0000002011,safe
akipro_0000000888,safe
akipro_0000000166,safe
akipro_0000000282,safe
akipro_0000000421,safe
akipro_0000001948,safe
akipro_0000002048,safe
akipro_0000001848,safe
akipro_0000000771,safe
akipro_0000000555,safe
akipro_0000000843,safe
akipro_0000001704,safe
akipro_0000000188,safe
akipro_0000001280,safe
akipro_0000001856,safe
akipro_0000001526,safe
akipro_0000000290,safe
akipro_0000001484,safe
akipro_0000000655,safe
akipro_0000000919,safe
akipro_0000001897,safe
akipro_0000001939,safe
akipro_0000001171,safe
akipro_0000000526,safe
akipro_0000000412,safe
akipro_0000000171,safe
akipro_0000000543,safe
akipro_0000000146,safe
akipro_0000001193,safe
akipro_0000001119,safe
akipro_0000001691,safe
akipro_0000000642,safe
akipro_0000000739,safe
akipro_0000001609,safe
akipro_0000000793,safe
akipro_0000000210,safe
akipro_0000000437,safe
akipro_0000001005,safe
akipro_0000001178,safe
akipro_0000001667,safe
akipro_0000001634,safe
akipro_0000001760,safe
akipro_0000000143,safe
akipro_0000001179,safe
akipro_0000001786,safe
akipro_0000001865,safe
akipro_0000000189,safe
akipro_0000001661,safe
akipro_0000000051,safe
akipro_0000000298,safe
akipro_0000000876,safe
akipro_0000000856,safe
akipro_0000001107,safe
akipro_0000001830,safe
akipro_0000000473,safe
akipro_0000001046,safe
akipro_0000000161,safe
akipro_0000001348,safe
akipro_0000000318,safe
akipro_0000000873,safe
akipro_0000000668,safe
akipro_0000001601,safe
akipro_0000000464,safe
akipro_0000002002,safe
akipro_0000001650,safe
akipro_0000001371,safe
akipro_0000000159,safe
akipro_0000000190,safe
akipro_0000001362,safe
akipro_0000000444,safe
akipro_0000000379,safe
akipro_0000000541,safe
akipro_0000001451,safe
akipro_0000000410,safe
akipro_0000001460,safe
akipro_0000001318,safe
akipro_0000000932,safe
akipro_0000001126,safe
akipro_0000001633,safe
akipro_0000001405,safe
akipro_0000001342,safe
akipro_0000001589,safe
akipro_0000000341,safe
akipro_0000001889,safe
akipro_0000000796,safe
akipro_0000001671,safe
akipro_0000000197,safe
akipro_0000000715,safe
akipro_0000000398,safe
akipro_0000000900,safe
akipro_0000000588,safe
akipro_0000000585,safe
akipro_0000001901,safe
akipro_0000000200,safe
akipro_0000001087,safe
akipro_0000001462,safe
akipro_0000000237,safe
akipro_0000001739,safe
akipro_0000001063,safe
akipro_0000000621,safe
akipro_0000000340,safe
akipro_0000002020,safe
akipro_0000001982,safe
akipro_0000001401,safe
akipro_0000001248,safe
akipro_0000001567,safe
akipro_0000000155,safe
akipro_0000001511,safe
akipro_0000000837,safe
akipro_0000001903,safe
akipro_0000000992,safe
akipro_0000000751,safe
akipro_0000000795,safe
akipro_0000000378,safe
akipro_0000002004,safe
akipro_0000000399,safe
akipro_0000001594,safe
akipro_0000000790,safe
akipro_0000000767,safe
akipro_0000000724,safe
akipro_0000000558,safe
akipro_0000001496,safe
akipro_0000000679,safe
akipro_0000000851,safe
akipro_0000001155,safe
akipro_0000000535,safe
akipro_0000001524,safe
akipro_0000001835,safe
akipro_0000001777,safe
akipro_0000000931,safe
akipro_0000001986,safe
akipro_0000001773,safe
akipro_0000001492,safe
akipro_0000001285,safe
akipro_0000000196,safe
akipro_0000001357,safe
akipro_0000001796,safe
akipro_0000001490,safe
akipro_0000001695,safe
akipro_0000000548,safe
akipro_0000001557,safe
akipro_0000001870,safe
akipro_0000001347,safe
akipro_0000001551,safe
akipro_0000001220,safe
akipro_0000001918,safe
akipro_0000000005,safe
akipro_0000002057,safe
akipro_0000001120,safe
akipro_0000000080,safe
akipro_0000000186,safe
akipro_0000001512,safe
akipro_0000001330,safe
akipro_0000000236,safe
akipro_0000001574,safe
akipro_0000000115,safe
akipro_0000000915,safe
akipro_0000001909,safe
akipro_0000000582,safe
akipro_0000000942,safe
akipro_0000000730,safe
akipro_0000000233,safe
akipro_0000000130,safe
akipro_0000001886,safe
akipro_0000000486,safe
akipro_0000001384,safe
akipro_0000000087,safe
akipro_0000001076,safe
akipro_0000001740,safe
akipro_0000000891,safe
akipro_0000001296,safe
akipro_0000001165,safe
akipro_0000001197,safe
akipro_0000000269,safe
akipro_0000001455,safe
akipro_0000000850,safe
akipro_0000001706,safe
akipro_0000000277,safe
akipro_0000000043,safe
akipro_0000001588,safe
akipro_0000000262,safe
akipro_0000000063,safe
akipro_0000001729,safe
akipro_0000001050,safe
akipro_0000001851,safe
akipro_0000001071,safe
akipro_0000001599,safe
akipro_0000000845,safe
akipro_0000000870,safe
akipro_0000000482,safe
akipro_0000001747,safe
akipro_0000001847,safe
akipro_0000000082,safe
akipro_0000000416,safe
akipro_0000000657,safe
akipro_0000001743,safe
akipro_0000000474,safe
akipro_0000000100,safe
akipro_0000000963,safe
akipro_0000000321,safe
akipro_0000002067,safe
akipro_0000001359,safe
akipro_0000000556,safe
akipro_0000000728,safe
akipro_0000000540,safe
akipro_0000001334,safe
akipro_0000000514,safe
akipro_0000001445,safe
akipro_0000001072,safe
akipro_0000000059,safe
akipro_0000001354,safe
akipro_0000001969,safe
akipro_0000001086,safe
akipro_0000001531,safe
akipro_0000000909,safe
akipro_0000000227,safe
akipro_0000001095,safe
akipro_0000000736,safe
akipro_0000001059,safe
akipro_0000000286,safe
akipro_0000000701,safe
akipro_0000000854,safe
akipro_0000000091,safe
akipro_0000000432,safe
akipro_0000001751,safe
akipro_0000000097,safe
akipro_0000000338,safe
akipro_0000001467,safe
akipro_0000001566,safe
akipro_0000000467,safe
akipro_0000001958,safe
akipro_0000000568,safe
akipro_0000001468,safe
akipro_0000001404,safe
akipro_0000001962,safe
akipro_0000001527,safe
akipro_0000000095,safe
akipro_0000000825,safe
akipro_0000000127,safe
akipro_0000000966,safe
akipro_0000001034,safe
akipro_0000000239,safe
akipro_0000000249,safe
akipro_0000000020,safe
akipro_0000001782,safe
akipro_0000000824,safe
akipro_0000000743,safe
akipro_0000000275,safe
akipro_0000000908,safe
akipro_0000000560,safe
akipro_0000001791,safe
akipro_0000000022,safe
akipro_0000001841,safe
akipro_0000001212,safe
akipro_0000000645,safe
akipro_0000000346,safe
akipro_0000001014,safe
akipro_0000001176,safe
akipro_0000000567,safe
akipro_0000001093,safe
akipro_0000001533,safe
akipro_0000000225,safe
akipro_0000000978,safe
akipro_0000000425,safe
akipro_0000000391,safe
akipro_0000001341,safe
akipro_0000001458,safe
akipro_0000001597,safe
akipro_0000000150,safe
akipro_0000001211,safe
akipro_0000001327,safe
akipro_0000001221,safe
akipro_0000001064,safe
akipro_0000001854,safe
akipro_0000001136,safe
akipro_0000001938,safe
akipro_0000001133,safe
akipro_0000001425,safe
akipro_0000000776,safe
akipro_0000000965,safe
akipro_0000000926,safe
akipro_0000000440,safe
akipro_0000001047,safe
akipro_0000000603,safe
akipro_0000000717,safe
akipro_0000001256,safe
akipro_0000000014,safe
akipro_0000001219,safe
akipro_0000001159,safe
akipro_0000000089,safe
akipro_0000001421,safe
akipro_0000000503,safe
akipro_0000000316,safe
akipro_0000000308,safe
akipro_0000001822,safe
akipro_0000000168,safe
akipro_0000000446,safe
akipro_0000001653,safe
akipro_0000001578,safe
akipro_0000000813,safe
akipro_0000001832,safe
akipro_0000000074,safe
akipro_0000001311,safe
akipro_0000000129,safe
akipro_0000000590,safe
akipro_0000000124,safe
akipro_0000000713,safe
akipro_0000000497,safe
akipro_0000000729,safe
akipro_0000001148,safe
akipro_0000001437,safe
akipro_0000001414,safe
akipro_0000001129,safe
akipro_0000000037,safe
akipro_0000000287,safe
akipro_0000001329,safe
akipro_0000000794,safe
akipro_0000000034,safe
akipro_0000001301,safe
akipro_0000001725,safe
akipro_0000001238,safe
akipro_0000000462,safe
akipro_0000001834,safe
akipro_0000002069,safe
akipro_0000000152,safe
akipro_0000000513,safe
akipro_0000002040,safe
akipro_0000001734,safe
akipro_0000000619,safe
akipro_0000000612,safe
akipro_0000000021,safe
akipro_0000001077,safe
akipro_0000001690,safe
akipro_0000002037,safe
akipro_0000000692,safe
akipro_0000001803,safe
akipro_0000000386,safe
akipro_0000000785,safe
akipro_0000001646,safe
akipro_0000000577,safe
akipro_0000000077,safe
akipro_0000001952,safe
akipro_0000000801,safe
akipro_0000000494,safe
akipro_0000000887,safe
akipro_0000000721,safe
akipro_0000000762,safe
akipro_0000001516,safe
akipro_0000000064,safe
akipro_0000000252,safe
akipro_0000001477,safe
akipro_0000001040,safe
akipro_0000000258,safe
akipro_0000001928,safe
akipro_0000000294,safe
akipro_0000000528,safe
akipro_0000001818,safe
akipro_0000001263,safe
akipro_0000000840,safe
akipro_0000001144,safe
akipro_0000001579,safe
akipro_0000001316,safe
akipro_0000001055,safe
akipro_0000000110,safe
akipro_0000000081,safe
akipro_0000000453,safe
akipro_0000001052,safe
akipro_0000000831,safe
akipro_0000001873,safe
akipro_0000000545,safe
akipro_0000000640,safe
akipro_0000000973,safe
akipro_0000001127,safe
akipro_0000001724,safe
akipro_0000000684,safe
akipro_0000000508,safe
akipro_0000000017,safe
akipro_0000000800,safe
akipro_0000000639,safe
akipro_0000001250,safe
akipro_0000001508,safe
akipro_0000001652,safe
akipro_0000001486,safe
akipro_0000001737,safe
akipro_0000001635,safe
akipro_0000000707,safe
akipro_0000001509,safe
akipro_0000001474,safe
akipro_0000001267,safe
akipro_0000000559,safe
akipro_0000000941,safe
akipro_0000001872,safe
akipro_0000001199,safe
akipro_0000001855,safe
akipro_0000000510,safe
akipro_0000000500,safe
akipro_0000000220,safe
akipro_0000001106,safe
akipro_0000001543,safe
akipro_0000000614,safe
akipro_0000001735,safe
akipro_0000000223,safe
akipro_0000000319,safe
akipro_0000001746,safe
akipro_0000000811,safe
akipro_0000000230,safe
akipro_0000000466,safe
akipro_0000000291,safe
akipro_0000000920,safe
akipro_0000001563,safe
akipro_0000000330,safe
akipro_0000000073,safe
akipro_0000001689,safe
akipro_0000001757,safe
akipro_0000001814,safe
akipro_0000001025,safe
akipro_0000001410,safe
akipro_0000000480,safe
akipro_0000000678,safe
akipro_0000001054,safe
akipro_0000001880,safe
akipro_0000000114,safe
akipro_0000001712,safe
akipro_0000002026,safe
akipro_0000000056,safe
akipro_0000000343,safe
akipro_0000000962,safe
akipro_0000001049,safe
akipro_0000002038,safe
akipro_0000001820,safe
akipro_0000000456,safe
akipro_0000000636,safe
akipro_0000000547,safe
akipro_0000002064,safe
akipro_0000000738,safe
akipro_0000000759,safe
akipro_0000000413,safe
akipro_0000000523,safe
akipro_0000000177,safe
akipro_0000001660,safe
akipro_0000001868,safe
akipro_0000000459,safe
akipro_0000000911,safe
akipro_0000000490,safe
akipro_0000000968,safe
akipro_0000001741,safe
akipro_0000001999,safe
akipro_0000000024,safe
akipro_0000000406,safe
akipro_0000001234,safe
akipro_0000000761,safe
akipro_0000001955,safe
akipro_0000001696,safe
akipro_0000000325,safe
akipro_0000000439,safe
akipro_0000000136,safe
akipro_0000000393,safe
akipro_0000001811,safe
akipro_0000000132,safe
akipro_0000001181,safe
akipro_0000001275,safe
akipro_0000000581,safe
akipro_0000002000,safe
akipro_0000001910,safe
akipro_0000002019,safe
akipro_0000000327,safe
akipro_0000000752,safe
akipro_0000000070,safe
akipro_0000001570,safe
akipro_0000001321,safe
akipro_0000000358,safe
akipro_0000001057,safe
akipro_0000001995,safe
akipro_0000000530,safe
akipro_0000001452,safe
akipro_0000001602,safe
akipro_0000001545,safe
akipro_0000000798,safe
akipro_0000001924,safe
akipro_0000001028,safe
akipro_0000002033,safe
akipro_0000001109,safe
akipro_0000000260,safe
akipro_0000000172,safe
akipro_0000001862,safe
akipro_0000000011,safe
akipro_0000001836,safe
akipro_0000000628,safe
akipro_0000000712,safe
akipro_0000001013,safe
akipro_0000001471,safe
akipro_0000001915,safe
akipro_0000001571,safe
akipro_0000000635,safe
akipro_0000000971,safe
akipro_0000001011,safe
akipro_0000001931,safe
akipro_0000001353,safe
akipro_0000001097,safe
akipro_0000001350,safe
akipro_0000000716,safe
akipro_0000001971,safe
akipro_0000000304,safe
akipro_0000001767,safe
akipro_0000001972,safe
akipro_0000000786,safe
akipro_0000000687,safe
akipro_0000000048,safe
akipro_0000000072,safe
akipro_0000000163,safe
akipro_0000001501,safe
akipro_0000001778,safe
akipro_0000001707,safe
akipro_0000001503,safe
akipro_0000001479,safe
akipro_0000001367,safe
akipro_0000000169,safe
akipro_0000001655,safe
akipro_0000000209,safe
akipro_0000000988,safe
akipro_0000000445,safe
akipro_0000002008,safe
akipro_0000001058,safe
akipro_0000001201,safe
akipro_0000000187,safe
akipro_0000000852,safe
akipro_0000001877,safe
akipro_0000001523,safe
akipro_0000002009,safe
akipro_0000000550,safe
akipro_0000000331,safe
akipro_0000000576,safe
akipro_0000001215,safe
akipro_0000001010,safe
akipro_0000000351,safe
akipro_0000000060,safe
akipro_0000001672,safe
akipro_0000000808,safe
akipro_0000000019,safe
akipro_0000001208,safe
akipro_0000000231,safe
akipro_0000002029,safe
akipro_0000001694,safe
akipro_0000000183,safe
akipro_0000001581,safe
akipro_0000001973,safe
akipro_0000000946,safe
akipro_0000001774,safe
akipro_0000000925,safe
akipro_0000001790,safe
akipro_0000001678,safe
akipro_0000000789,safe
akipro_0000001874,safe
akipro_0000001879,safe
akipro_0000002007,safe
akipro_0000001600,safe
akipro_0000000993,safe
akipro_0000001084,safe
akipro_0000000366,safe
akipro_0000000551,safe
akipro_0000000683,safe
akipro_0000000982,safe
akipro_0000000217,safe
akipro_0000000099,safe
akipro_0000000293,safe
akipro_0000001303,safe
akipro_0000000673,safe
akipro_0000001488,safe
akipro_0000001846,safe
akipro_0000000969,safe
akipro_0000001843,safe
akipro_0000001454,safe
akipro_0000001089,safe
akipro_0000000644,safe
akipro_0000002025,safe
akipro_0000001039,safe
akipro_0000001436,safe
akipro_0000001662,safe
akipro_0000001978,safe
akipro_0000000289,safe
akipro_0000000869,safe
akipro_0000000181,safe
akipro_0000001683,safe
akipro_0000001798,safe
akipro_0000000937,safe
akipro_0000001718,safe
akipro_0000001473,safe
akipro_0000002005,safe
akipro_0000001806,safe
akipro_0000001572,safe
akipro_0000001965,safe
akipro_0000001621,safe
akipro_0000000495,safe
akipro_0000000877,safe
akipro_0000000135,safe
akipro_0000000078,safe
akipro_0000000533,safe
akipro_0000000054,safe
akipro_0000000606,safe
akipro_0000001951,safe
akipro_0000001431,safe
akipro_0000000700,safe
akipro_0000001244,safe
akipro_0000000536,safe
akipro_0000001392,safe
akipro_0000000385,safe
akipro_0000001102,safe
akipro_0000001756,safe
akipro_0000000998,safe
akipro_0000001180,safe
akipro_0000000671,safe
akipro_0000001224,safe
akipro_0000001351,safe
akipro_0000000204,safe
akipro_0000001012,safe
akipro_0000000491,safe
akipro_0000000400,safe
akipro_0000000235,safe
akipro_0000000208,safe
akipro_0000000002,safe
akipro_0000001614,safe
akipro_0000001619,safe
akipro_0000001470,safe
akipro_0000001032,safe
akipro_0000000691,safe
akipro_0000001896,safe
akipro_0000000158,safe
akipro_0000001537,safe
akipro_0000000411,safe
akipro_0000000882,safe
akipro_0000001942,safe
akipro_0000002071,safe
akipro_0000000071,safe
akipro_0000001536,safe
akipro_0000001505,safe
akipro_0000000820,safe
akipro_0000001195,safe
akipro_0000000723,safe
akipro_0000000300,safe
akipro_0000001529,safe
akipro_0000001002,safe
akipro_0000002078,safe
akipro_0000001541,safe
akipro_0000000083,safe
akipro_0000001659,safe
akipro_0000001481,safe
akipro_0000001617,safe
akipro_0000000084,safe
akipro_0000000907,safe
akipro_0000000947,safe
akipro_0000001826,safe
akipro_0000002062,safe
akipro_0000001200,safe
akipro_0000000055,safe
akipro_0000000737,safe
akipro_0000001449,safe
akipro_0000000408,safe
akipro_0000000397,safe
akipro_0000000598,safe
akipro_0000000615,safe
akipro_0000001260,safe
akipro_0000001824,safe
akipro_0000001216,safe
akipro_0000001518,safe
akipro_0000000434,safe
akipro_0000001309,safe
akipro_0000001151,safe
akipro_0000001513,safe
akipro_0000000682,safe
akipro_0000001983,safe
akipro_0000000890,safe
akipro_0000000302,safe
akipro_0000000894,safe
akipro_0000000797,safe
akipro_0000000303,safe
akipro_0000000922,safe
akipro_0000000816,safe
akipro_0000001981,safe
akipro_0000001920,safe
akipro_0000001402,safe
akipro_0000000306,safe
akipro_0000000871,safe
akipro_0000000842,safe
akipro_0000001638,safe
akipro_0000001103,safe
akipro_0000001042,safe
akipro_0000001963,safe
akipro_0000001701,safe
akipro_0000000036,safe
akipro_0000000279,safe
akipro_0000000904,safe
akipro_0000000802,safe
akipro_0000001450,safe
akipro_0000000147,safe
akipro_0000000455,safe
akipro_0000001943,safe
akipro_0000001833,safe
akipro_0000000806,safe
akipro_0000000672,safe
akipro_0000001992,safe
akipro_0000000613,safe
akipro_0000001281,safe
akipro_0000001719,safe
akipro_0000000094,safe
akipro_0000001892,safe
akipro_0000001670,safe
akipro_0000001876,safe
akipro_0000000307,safe
akipro_0000001606,safe
akipro_0000000554,safe
akipro_0000001742,safe
akipro_0000000479,safe
akipro_0000002014,safe
akipro_0000000216,safe
akipro_0000001242,safe
akipro_0000001489,safe
akipro_0000000805,safe
akipro_0000002053,safe
akipro_0000000417,safe
akipro_0000001239,safe
akipro_0000001427,safe
akipro_0000001369,safe
akipro_0000001407,safe
akipro_0000000031,safe
akipro_0000000454,safe
akipro_0000001339,safe
akipro_0000001051,safe
akipro_0000001908,safe
akipro_0000001253,safe
akipro_0000000705,safe
akipro_0000001632,safe
akipro_0000001320,safe
akipro_0000001246,safe
akipro_0000001447,safe
akipro_0000001817,safe
akipro_0000001218,safe
akipro_0000001906,safe
akipro_0000001708,safe
akipro_0000000674,safe
akipro_0000000052,safe
akipro_0000001300,safe
akipro_0000001569,safe
akipro_0000000862,safe
akipro_0000001192,safe
akipro_0000000284,safe
akipro_0000000914,safe
akipro_0000000145,safe
akipro_0000001081,safe
akipro_0000000301,safe
akipro_0000001382,safe
akipro_0000000566,safe
akipro_0000001085,safe
akipro_0000001230,safe
akipro_0000000140,safe
akipro_0000000271,safe
akipro_0000000970,safe
akipro_0000001717,safe
akipro_0000000688,safe
akipro_0000002013,safe
akipro_0000000118,safe
akipro_0000000709,safe
akipro_0000000607,safe
akipro_0000000656,safe
akipro_0000000777,safe
akipro_0000000626,safe
akipro_0000000563,safe
akipro_0000000113,safe
akipro_0000000861,safe
akipro_0000001019,safe
akipro_0000001783,safe
akipro_0000001206,safe
akipro_0000000053,safe
akipro_0000001687,safe
akipro_0000000532,safe
akipro_0000000714,safe
akipro_0000001376,safe
akipro_0000001310,safe
akipro_0000001271,safe
akipro_0000001105,safe
akipro_0000001110,safe
akipro_0000001913,safe
akipro_0000000720,safe
akipro_0000002042,safe
akipro_0000000449,safe
akipro_0000000959,safe
akipro_0000000601,safe
akipro_0000001975,safe
akipro_0000001631,safe
akipro_0000000596,safe
akipro_0000001423,safe
akipro_0000001305,safe
akipro_0000000050,safe
akipro_0000001029,safe
akipro_0000000475,safe
akipro_0000000192,safe
akipro_0000001177,safe
akipro_0000001022,safe
akipro_0000001510,safe
akipro_0000001697,safe
akipro_0000001698,safe
akipro_0000001432,safe
akipro_0000001521,safe
akipro_0000001547,safe
akipro_0000001949,safe
akipro_0000001984,safe
akipro_0000001355,safe
akipro_0000001555,safe
akipro_0000000740,safe
akipro_0000000355,safe
akipro_0000001766,safe
akipro_0000001648,safe
akipro_0000001294,safe
akipro_0000001314,safe
akipro_0000000329,safe
akipro_0000001100,safe
akipro_0000001622,safe
akipro_0000001785,safe
akipro_0000000676,safe
akipro_0000000255,safe
akipro_0000001236,safe
akipro_0000001112,safe
akipro_0000000733,safe
akipro_0000001522,safe
akipro_0000000781,safe
akipro_0000001269,safe
akipro_0000000593,safe
akipro_0000001954,safe
akipro_0000001699,safe
akipro_0000001637,safe
akipro_0000001623,safe
akipro_0000000807,safe
akipro_0000001930,safe
akipro_0000000026,safe
akipro_0000001845,safe
akipro_0000001765,safe
akipro_0000001615,safe
akipro_0000001558,safe
akipro_0000000108,safe
akipro_0000001420,safe
akipro_0000001749,safe
akipro_0000001838,safe
akipro_0000000686,safe
akipro_0000000758,safe
akipro_0000001069,safe
akipro_0000000779,safe
akipro_0000002063,safe
akipro_0000001259,safe
akipro_0000001759,safe
akipro_0000001146,safe
akipro_0000000407,safe
akipro_0000001183,safe
akipro_0000001722,safe
akipro_0000000866,safe
akipro_0000000809,safe
akipro_0000001912,safe
akipro_0000000647,safe
akipro_0000000032,safe
akipro_0000000754,safe
akipro_0000001226,safe
akipro_0000000185,safe
akipro_0000001720,safe
akipro_0000001419,safe
akipro_0000000438,safe
akipro_0000001443,safe
akipro_0000000955,safe
akipro_0000000248,safe
akipro_0000001313,safe
akipro_0000000292,safe
akipro_0000000251,safe
akipro_0000001282,safe
akipro_0000001933,safe
akipro_0000001590,safe
akipro_0000002016,safe
akipro_0000000502,safe
akipro_0000001861,safe
akipro_0000001478,safe
akipro_0000000784,safe
akipro_0000001977,safe
akipro_0000001802,safe
akipro_0000000394,safe
akipro_0000001726,safe
akipro_0000000650,safe
akipro_0000001680,safe
akipro_0000000035,safe
akipro_0000001261,safe
akipro_0000001839,safe
akipro_0000000773,safe
akipro_0000001227,safe
akipro_0000001714,safe
akipro_0000002084,safe
akipro_0000000202,safe
akipro_0000001674,safe
akipro_0000001255,safe
akipro_0000000848,safe
akipro_0000000274,safe
akipro_0000000620,safe
akipro_0000001472,safe
akipro_0000000465,safe
akipro_0000000694,safe
akipro_0000000935,safe
akipro_0000001164,safe
akipro_0000001763,safe
akipro_0000000028,safe
akipro_0000000040,safe
akipro_0000000148,safe
akipro_0000001433,safe
akipro_0000000348,safe
akipro_0000000938,safe
akipro_0000001884,safe
akipro_0000001519,safe
akipro_0000000315,safe
akipro_0000001461,safe
akipro_0000001968,safe
akipro_0000000977,safe
akipro_0000000718,safe
akipro_0000000750,safe
akipro_0000001644,safe
akipro_0000000485,safe
akipro_0000000722,safe
akipro_0000000066,safe
akipro_0000000507,safe
akipro_0000001869,safe
akipro_0000000359,safe
akipro_0000000423,safe
akipro_0000002021,safe
akipro_0000000107,safe
akipro_0000000246,safe
akipro_0000000534,safe
akipro_0000001987,safe
akipro_0000000770,safe
akipro_0000000698,safe
akipro_0000001141,safe
akipro_0000001776,safe
akipro_0000000013,safe
akipro_0000000830,safe
akipro_0000001944,safe
akipro_0000000768,safe
akipro_0000001131,safe
akipro_0000000506,safe
akipro_0000000368,safe
akipro_0000001916,safe
akipro_0000001702,safe
akipro_0000000090,safe
akipro_0000001853,safe
akipro_0000001494,safe
akipro_0000000376,safe
akipro_0000001800,safe
akipro_0000001665,safe
akipro_0000001812,safe
akipro_0000000756,safe
akipro_0000001907,safe
akipro_0000000139,safe
akipro_0000001134,safe
akipro_0000001459,safe
akipro_0000001611,safe
akipro_0000000463,safe
akipro_0000000731,safe
akipro_0000000782,safe
akipro_0000001797,safe
akipro_0000001693,safe
akipro_0000000641,safe
akipro_0000001745,safe
akipro_0000000501,safe
akipro_0000002316,unsafe
akipro_0000002527,unsafe
akipro_0000002782,unsafe
akipro_0000002262,unsafe
akipro_0000002808,unsafe
akipro_0000002730,unsafe
akipro_0000002831,unsafe
akipro_0000002296,unsafe
akipro_0000002826,unsafe
akipro_0000002252,unsafe
akipro_0000002087,unsafe
akipro_0000002596,unsafe
akipro_0000002644,unsafe
akipro_0000002841,unsafe
akipro_0000002211,unsafe
akipro_0000002704,unsafe
akipro_0000002337,unsafe
akipro_0000002344,unsafe
akipro_0000002208,unsafe
akipro_0000002672,unsafe
akipro_0000002189,unsafe
akipro_0000002158,unsafe
akipro_0000002255,unsafe
akipro_0000002534,unsafe
akipro_0000002500,unsafe
akipro_0000002543,unsafe
akipro_0000002254,unsafe
akipro_0000002858,unsafe
akipro_0000002302,unsafe
akipro_0000002690,unsafe
akipro_0000002128,unsafe
akipro_0000002129,unsafe
akipro_0000002824,unsafe
akipro_0000002872,unsafe
akipro_0000002321,unsafe
akipro_0000002475,unsafe
akipro_0000002169,unsafe
akipro_0000002494,unsafe
akipro_0000002863,unsafe
akipro_0000002450,unsafe
akipro_0000002434,unsafe
akipro_0000002773,unsafe
akipro_0000002173,unsafe
akipro_0000002292,unsafe
akipro_0000002391,unsafe
akipro_0000002864,unsafe
akipro_0000002221,unsafe
akipro_0000002549,unsafe
akipro_0000002401,unsafe
akipro_0000002559,unsafe
akipro_0000002820,unsafe
akipro_0000002437,unsafe
akipro_0000002452,unsafe
akipro_0000002176,unsafe
akipro_0000002606,unsafe
akipro_0000002380,unsafe
akipro_0000002837,unsafe
akipro_0000002483,unsafe
akipro_0000002091,unsafe
akipro_0000002547,unsafe
akipro_0000002689,unsafe
akipro_0000002507,unsafe
akipro_0000002096,unsafe
akipro_0000002182,unsafe
akipro_0000002647,unsafe
akipro_0000002264,unsafe
akipro_0000002833,unsafe
akipro_0000002648,unsafe
akipro_0000002454,unsafe
akipro_0000002093,unsafe
akipro_0000002588,unsafe
akipro_0000002301,unsafe
akipro_0000002742,unsafe
akipro_0000002284,unsafe
akipro_0000002842,unsafe
akipro_0000002701,unsafe
akipro_0000002282,unsafe
akipro_0000002275,unsafe
akipro_0000002698,unsafe
akipro_0000002130,unsafe
akipro_0000002719,unsafe
akipro_0000002231,unsafe
akipro_0000002476,unsafe
akipro_0000002522,unsafe
akipro_0000002861,unsafe
akipro_0000002217,unsafe
akipro_0000002195,unsafe
akipro_0000002553,unsafe
akipro_0000002683,unsafe
akipro_0000002328,unsafe
akipro_0000002462,unsafe
akipro_0000002602,unsafe
akipro_0000002280,unsafe
akipro_0000002134,unsafe
akipro_0000002463,unsafe
akipro_0000002738,unsafe
akipro_0000002121,unsafe
akipro_0000002633,unsafe
akipro_0000002261,unsafe
akipro_0000002125,unsafe
akipro_0000002094,unsafe
akipro_0000002430,unsafe
akipro_0000002733,unsafe
akipro_0000002359,unsafe
akipro_0000002691,unsafe
akipro_0000002456,unsafe
akipro_0000002681,unsafe
akipro_0000002101,unsafe
akipro_0000002421,unsafe
akipro_0000002508,unsafe
akipro_0000002813,unsafe
akipro_0000002160,unsafe
akipro_0000002836,unsafe
akipro_0000002429,unsafe
akipro_0000002491,unsafe
akipro_0000002407,unsafe
akipro_0000002617,unsafe
akipro_0000002279,unsafe
akipro_0000002678,unsafe
akipro_0000002487,unsafe
akipro_0000002193,unsafe
akipro_0000002317,unsafe
akipro_0000002608,unsafe
akipro_0000002226,unsafe
akipro_0000002343,unsafe
akipro_0000002271,unsafe
akipro_0000002277,unsafe
akipro_0000002564,unsafe
akipro_0000002768,unsafe
akipro_0000002150,unsafe
akipro_0000002716,unsafe
akipro_0000002747,unsafe
akipro_0000002346,unsafe
akipro_0000002518,unsafe
akipro_0000002352,unsafe
akipro_0000002092,unsafe
akipro_0000002757,unsafe
akipro_0000002237,unsafe
akipro_0000002431,unsafe
akipro_0000002624,unsafe
akipro_0000002191,unsafe
akipro_0000002234,unsafe
akipro_0000002470,unsafe
akipro_0000002385,unsafe
akipro_0000002859,unsafe
akipro_0000002797,unsafe
akipro_0000002812,unsafe
akipro_0000002327,unsafe
akipro_0000002446,unsafe
akipro_0000002781,unsafe
akipro_0000002616,unsafe
akipro_0000002811,unsafe
akipro_0000002669,unsafe
akipro_0000002502,unsafe
akipro_0000002722,unsafe
akipro_0000002542,unsafe
akipro_0000002685,unsafe
akipro_0000002152,unsafe
akipro_0000002229,unsafe
akipro_0000002474,unsafe
akipro_0000002408,unsafe
akipro_0000002557,unsafe
akipro_0000002416,unsafe
akipro_0000002332,unsafe
akipro_0000002138,unsafe
akipro_0000002639,unsafe
akipro_0000002843,unsafe
akipro_0000002517,unsafe
akipro_0000002598,unsafe
akipro_0000002392,unsafe
akipro_0000002218,unsafe
akipro_0000002511,unsafe
akipro_0000002200,unsafe
akipro_0000002311,unsafe
akipro_0000002489,unsafe
akipro_0000002442,unsafe
akipro_0000002362,unsafe
akipro_0000002315,unsafe
akipro_0000002578,unsafe
akipro_0000002569,unsafe
akipro_0000002526,unsafe
akipro_0000002499,unsafe
akipro_0000002449,unsafe
akipro_0000002873,unsafe
akipro_0000002322,unsafe
akipro_0000002239,unsafe
akipro_0000002204,unsafe
akipro_0000002785,unsafe
akipro_0000002607,unsafe
akipro_0000002394,unsafe
akipro_0000002726,unsafe
akipro_0000002510,unsafe
akipro_0000002665,unsafe
akipro_0000002805,unsafe
akipro_0000002815,unsafe
akipro_0000002590,unsafe
akipro_0000002779,unsafe
akipro_0000002807,unsafe
akipro_0000002283,unsafe
akipro_0000002818,unsafe
akipro_0000002345,unsafe
akipro_0000002541,unsafe
akipro_0000002612,unsafe
akipro_0000002390,unsafe
akipro_0000002397,unsafe
akipro_0000002623,unsafe
akipro_0000002140,unsafe
akipro_0000002686,unsafe
akipro_0000002713,unsafe
akipro_0000002477,unsafe
akipro_0000002111,unsafe
akipro_0000002351,unsafe
akipro_0000002244,unsafe
akipro_0000002786,unsafe
akipro_0000002563,unsafe
akipro_0000002488,unsafe
akipro_0000002735,unsafe
akipro_0000002749,unsafe
akipro_0000002258,unsafe
akipro_0000002414,unsafe
akipro_0000002381,unsafe
akipro_0000002141,unsafe
akipro_0000002793,unsafe
akipro_0000002424,unsafe
akipro_0000002695,unsafe
akipro_0000002506,unsafe
akipro_0000002711,unsafe
akipro_0000002202,unsafe
akipro_0000002755,unsafe
akipro_0000002238,unsafe
akipro_0000002436,unsafe
akipro_0000002783,unsafe
akipro_0000002744,unsafe
akipro_0000002100,unsafe
akipro_0000002135,unsafe
akipro_0000002832,unsafe
akipro_0000002274,unsafe
akipro_0000002251,unsafe
akipro_0000002814,unsafe
akipro_0000002825,unsafe
akipro_0000002318,unsafe
akipro_0000002706,unsafe
akipro_0000002154,unsafe
akipro_0000002655,unsafe
akipro_0000002395,unsafe
akipro_0000002364,unsafe
akipro_0000002584,unsafe
akipro_0000002368,unsafe
akipro_0000002505,unsafe
akipro_0000002233,unsafe
akipro_0000002586,unsafe
akipro_0000002389,unsafe
akipro_0000002170,unsafe
akipro_0000002830,unsafe
akipro_0000002212,unsafe
akipro_0000002379,unsafe
akipro_0000002115,unsafe
akipro_0000002703,unsafe
akipro_0000002355,unsafe
akipro_0000002555,unsafe
akipro_0000002621,unsafe
akipro_0000002529,unsafe
akipro_0000002293,unsafe
akipro_0000002593,unsafe
akipro_0000002581,unsafe
akipro_0000002185,unsafe
akipro_0000002448,unsafe
akipro_0000002432,unsafe
akipro_0000002723,unsafe
akipro_0000002281,unsafe
akipro_0000002374,unsafe
akipro_0000002305,unsafe
akipro_0000002116,unsafe
akipro_0000002323,unsafe
akipro_0000002151,unsafe
akipro_0000002577,unsafe
akipro_0000002568,unsafe
akipro_0000002571,unsafe
akipro_0000002671,unsafe
akipro_0000002104,unsafe
akipro_0000002410,unsafe
akipro_0000002492,unsafe
akipro_0000002708,unsafe
akipro_0000002214,unsafe
akipro_0000002799,unsafe
akipro_0000002235,unsafe
akipro_0000002145,unsafe
akipro_0000002677,unsafe
akipro_0000002372,unsafe
akipro_0000002232,unsafe
akipro_0000002764,unsafe
akipro_0000002428,unsafe
akipro_0000002736,unsafe
akipro_0000002224,unsafe
akipro_0000002310,unsafe
akipro_0000002538,unsafe
akipro_0000002739,unsafe
akipro_0000002268,unsafe
akipro_0000002599,unsafe
akipro_0000002717,unsafe
akipro_0000002412,unsafe
akipro_0000002610,unsafe
akipro_0000002567,unsafe
akipro_0000002270,unsafe
akipro_0000002635,unsafe
akipro_0000002721,unsafe
akipro_0000002854,unsafe
akipro_0000002794,unsafe
akipro_0000002546,unsafe
akipro_0000002520,unsafe
akipro_0000002199,unsafe
akipro_0000002536,unsafe
akipro_0000002109,unsafe
akipro_0000002219,unsafe
akipro_0000002330,unsafe
akipro_0000002770,unsafe
akipro_0000002789,unsafe
akipro_0000002167,unsafe
akipro_0000002377,unsafe
akipro_0000002455,unsafe
akipro_0000002361,unsafe
akipro_0000002177,unsafe
akipro_0000002314,unsafe
akipro_0000002168,unsafe
akipro_0000002550,unsafe
akipro_0000002710,unsafe
akipro_0000002850,unsafe
akipro_0000002670,unsafe
akipro_0000002415,unsafe
akipro_0000002259,unsafe
akipro_0000002457,unsafe
akipro_0000002445,unsafe
akipro_0000002806,unsafe
akipro_0000002269,unsafe
akipro_0000002373,unsafe
akipro_0000002531,unsafe
akipro_0000002680,unsafe
akipro_0000002759,unsafe
akipro_0000002263,unsafe
akipro_0000002865,unsafe
akipro_0000002732,unsafe
akipro_0000002133,unsafe
akipro_0000002566,unsafe
akipro_0000002159,unsafe
akipro_0000002767,unsafe
akipro_0000002715,unsafe
akipro_0000002349,unsafe
akipro_0000002243,unsafe
akipro_0000002642,unsafe
akipro_0000002171,unsafe
akipro_0000002516,unsafe
akipro_0000002388,unsafe
akipro_0000002250,unsafe
akipro_0000002402,unsafe
akipro_0000002329,unsafe
akipro_0000002761,unsafe
akipro_0000002727,unsafe
akipro_0000002663,unsafe
akipro_0000002866,unsafe
akipro_0000002197,unsafe
akipro_0000002855,unsafe
akipro_0000002403,unsafe
akipro_0000002427,unsafe
akipro_0000002707,unsafe
akipro_0000002844,unsafe
akipro_0000002537,unsafe
akipro_0000002539,unsafe
akipro_0000002090,unsafe
akipro_0000002336,unsafe
akipro_0000002774,unsafe
akipro_0000002107,unsafe
akipro_0000002365,unsafe
akipro_0000002299,unsafe
akipro_0000002718,unsafe
akipro_0000002482,unsafe
akipro_0000002433,unsafe
akipro_0000002589,unsafe
akipro_0000002356,unsafe
akipro_0000002288,unsafe
akipro_0000002613,unsafe
akipro_0000002106,unsafe
akipro_0000002465,unsafe
akipro_0000002354,unsafe
akipro_0000002657,unsafe
akipro_0000002576,unsafe
akipro_0000002165,unsafe
akipro_0000002089,unsafe
akipro_0000002646,unsafe
akipro_0000002528,unsafe
akipro_0000002441,unsafe
akipro_0000002765,unsafe
akipro_0000002369,unsafe
akipro_0000002300,unsafe
akipro_0000002334,unsafe
akipro_0000002725,unsafe
akipro_0000002661,unsafe
akipro_0000002513,unsafe
akipro_0000002694,unsafe
akipro_0000002124,unsafe
akipro_0000002213,unsafe
akipro_0000002530,unsafe
akipro_0000002366,unsafe
akipro_0000002162,unsafe
akipro_0000002650,unsafe
akipro_0000002512,unsafe
akipro_0000002464,unsafe
akipro_0000002132,unsafe
akipro_0000002175,unsafe
akipro_0000002801,unsafe
akipro_0000002404,unsafe
akipro_0000002784,unsafe
akipro_0000002102,unsafe
akipro_0000002828,unsafe
akipro_0000002697,unsafe
akipro_0000002290,unsafe
akipro_0000002656,unsafe
akipro_0000002856,unsafe
akipro_0000002459,unsafe
akipro_0000002535,unsafe
akipro_0000002181,unsafe
akipro_0000002504,unsafe
akipro_0000002651,unsafe
akipro_0000002422,unsafe
akipro_0000002741,unsafe
akipro_0000002149,unsafe
akipro_0000002304,unsafe
akipro_0000002447,unsafe
akipro_0000002312,unsafe
akipro_0000002481,unsafe
akipro_0000002088,unsafe
akipro_0000002220,unsafe
akipro_0000002260,unsafe
akipro_0000002187,unsafe
akipro_0000002461,unsafe
akipro_0000002700,unsafe
akipro_0000002353,unsafe
akipro_0000002743,unsafe
akipro_0000002153,unsafe
akipro_0000002147,unsafe
akipro_0000002241,unsafe
akipro_0000002809,unsafe
akipro_0000002821,unsafe
akipro_0000002630,unsafe
akipro_0000002603,unsafe
akipro_0000002664,unsafe
akipro_0000002515,unsafe
akipro_0000002378,unsafe
akipro_0000002573,unsafe
akipro_0000002469,unsafe
akipro_0000002838,unsafe
akipro_0000002287,unsafe
akipro_0000002320,unsafe
akipro_0000002532,unsafe
akipro_0000002572,unsafe
akipro_0000002521,unsafe
akipro_0000002460,unsafe
akipro_0000002341,unsafe
akipro_0000002699,unsafe
akipro_0000002625,unsafe
akipro_0000002693,unsafe
akipro_0000002190,unsafe
akipro_0000002439,unsafe
akipro_0000002587,unsafe
akipro_0000002619,unsafe
akipro_0000002098,unsafe
akipro_0000002583,unsafe
akipro_0000002136,unsafe
akipro_0000002467,unsafe
akipro_0000002201,unsafe
akipro_0000002347,unsafe
akipro_0000002734,unsafe
akipro_0000002839,unsafe
akipro_0000002198,unsafe
akipro_0000002668,unsafe
akipro_0000002601,unsafe
akipro_0000002627,unsafe
akipro_0000002178,unsafe
akipro_0000002246,unsafe
akipro_0000002440,unsafe
akipro_0000002628,unsafe
akipro_0000002675,unsafe
akipro_0000002423,unsafe
akipro_0000002626,unsafe
akipro_0000002524,unsafe
akipro_0000002099,unsafe
akipro_0000002479,unsafe
akipro_0000002857,unsafe
akipro_0000002313,unsafe
akipro_0000002551,unsafe
akipro_0000002326,unsafe
akipro_0000002862,unsafe
akipro_0000002294,unsafe
akipro_0000002533,unsafe
akipro_0000002406,unsafe
akipro_0000002420,unsafe
akipro_0000002307,unsafe
akipro_0000002340,unsafe
akipro_0000002636,unsafe
akipro_0000002594,unsafe
akipro_0000002297,unsafe
akipro_0000002179,unsafe
akipro_0000002579,unsafe
akipro_0000002654,unsafe
akipro_0000002230,unsafe
akipro_0000002614,unsafe
akipro_0000002709,unsafe
akipro_0000002618,unsafe
akipro_0000002242,unsafe
akipro_0000002443,unsafe
akipro_0000002142,unsafe
akipro_0000002247,unsafe
akipro_0000002788,unsafe
akipro_0000002398,unsafe
akipro_0000002560,unsafe
akipro_0000002702,unsafe
akipro_0000002240,unsafe
akipro_0000002705,unsafe
akipro_0000002561,unsafe
akipro_0000002509,unsafe
akipro_0000002144,unsafe
akipro_0000002776,unsafe
akipro_0000002205,unsafe
akipro_0000002845,unsafe
akipro_0000002790,unsafe
akipro_0000002822,unsafe
akipro_0000002118,unsafe
akipro_0000002360,unsafe
akipro_0000002772,unsafe
akipro_0000002810,unsafe
akipro_0000002771,unsafe
akipro_0000002303,unsafe
akipro_0000002156,unsafe
akipro_0000002714,unsafe
akipro_0000002466,unsafe
akipro_0000002164,unsafe
akipro_0000002682,unsafe
akipro_0000002666,unsafe
akipro_0000002852,unsafe
akipro_0000002817,unsafe
akipro_0000002248,unsafe
akipro_0000002696,unsafe
akipro_0000002256,unsafe
akipro_0000002609,unsafe
akipro_0000002210,unsafe
akipro_0000002289,unsafe
akipro_0000002411,unsafe
akipro_0000002631,unsafe
akipro_0000002514,unsafe
akipro_0000002737,unsafe
akipro_0000002206,unsafe
akipro_0000002148,unsafe
akipro_0000002209,unsafe
akipro_0000002763,unsafe
akipro_0000002868,unsafe
akipro_0000002835,unsafe
akipro_0000002829,unsafe
akipro_0000002418,unsafe
akipro_0000002629,unsafe
akipro_0000002435,unsafe
akipro_0000002485,unsafe
akipro_0000002745,unsafe
akipro_0000002174,unsafe
akipro_0000002643,unsafe
akipro_0000002186,unsafe
akipro_0000002548,unsafe
akipro_0000002746,unsafe
akipro_0000002497,unsafe
akipro_0000002253,unsafe
akipro_0000002544,unsafe
akipro_0000002097,unsafe
akipro_0000002324,unsafe
akipro_0000002804,unsafe
akipro_0000002756,unsafe
akipro_0000002405,unsafe
akipro_0000002272,unsafe
akipro_0000002471,unsafe
akipro_0000002570,unsafe
akipro_0000002582,unsafe
akipro_0000002495,unsafe
akipro_0000002565,unsafe
akipro_0000002760,unsafe
akipro_0000002161,unsafe
akipro_0000002188,unsafe
akipro_0000002592,unsafe
akipro_0000002728,unsafe
akipro_0000002227,unsafe
akipro_0000002382,unsafe
akipro_0000002780,unsafe
akipro_0000002143,unsafe
akipro_0000002085,unsafe
akipro_0000002285,unsafe
